value,count,share
RU,13,0.3170731707317073
FR,12,0.2926829268292683
US,8,0.1951219512195122
DE,6,0.14634146341463414
CN,2,0.04878048780487805
