,user_id,age,purchases,revenue
user_id,1.0,-0.04616061368212774,-0.09121582164667039,0.09075696660202333
age,-0.04616061368212774,1.0,-0.3461290617321629,-0.07507265680404167
purchases,-0.09121582164667039,-0.3461290617321629,1.0,0.6611089949505546
revenue,0.09075696660202333,-0.07507265680404167,0.6611089949505546,1.0
