name,dtype,non_null,missing,missing_share,unique,is_numeric,min,max,mean,std
user_id,int64,41,0,0.0,40,True,1.0,40.0,20.24390243902439,11.659289188893288
age,float64,39,2,0.04878048780487805,28,True,5.0,120.0,36.51282051282051,18.304258628543817
country,object,41,0,0.0,5,False,,,,
purchases,int64,41,0,0.0,12,True,-1.0,11.0,4.829268292682927,2.7101885453266
revenue,int64,41,0,0.0,37,True,0.0,2475.0,820.0487804878048,613.127268648994
